{
    "default": 16,
    "Koruri": {
        "Щ": 17.171875,
        "℃": 16.5390625,
        "≪": 15.421875,
        "≫": 15.421875,
        "m": 15.296875,
        "W": 15.1328125,
        "щ": 15.0546875,
        "M": 14.765625,
        "∬": 14.5078125,
        "@": 14.3671875,
        "Ж": 14.2890625,
        "Ы": 14.0625,
        "⊥": 13.9765625,
        "%": 13.7890625,
        "Φ": 13.265625,
        "Ф": 13.265625,
        "…": 13.1015625,
        "ω": 13.0859375,
        "w": 13.0703125,
        "ж": 12.8671875,
        "Й": 12.671875,
        "м": 12.625,
        "O": 12.59375,
        "Q": 12.59375,
        "Θ": 12.59375,
        "Ω": 12.546875,
        "N": 12.53125,
        "ф": 12.2265625,
        "⊇": 12.21875,
        "≦": 12.0625,
        "≧": 12.0625,
        "H": 12.015625,
        "Н": 12.015625,
        "U": 11.875,
        "&": 11.84375,
        "Π": 11.7890625,
        "П": 11.7890625,
        "D": 11.7421875,
        "∴": 11.7421875,
        "∵": 11.7421875,
        "↑": 11.6796875,
        "↓": 11.6796875,
        "G": 11.6171875,
        "Л": 11.5859375,
        "Д": 11.5703125,
        "∝": 11.421875,
        "Ч": 11.375,
        "∞": 11.296875,
        "♯": 11.2578125,
        "π": 11.1015625,
        "∀": 11.1015625,
        "⊃": 11.1015625,
        "и": 10.828125,
        "й": 10.828125,
        "A": 10.578125,
        "B": 10.5625,
        "¶": 10.4765625,
        "Я": 10.3984375,
        "#": 10.3359375,
        "Э": 10.3359375,
        "β": 10.3046875,
        "∩": 10.296875,
        "∪": 10.296875,
        "K": 10.2265625,
        "R": 10.2265625,
        "У": 10.1953125,
        "п": 10.1796875,
        "h": 10.15625,
        "n": 10.15625,
        "u": 10.15625,
        "ū": 10.15625,
        "C": 10.140625,
        "Ç": 10.140625,
        "С": 10.140625,
        "α": 10.0625,
        "Б": 10,
        "b": 9.96875,
        "d": 9.96875,
        "p": 9.96875,
        "q": 9.96875,
        "р": 9.96875,
        "V": 9.953125,
        "X": 9.953125,
        "♪": 9.8984375,
        "д": 9.890625,
        "P": 9.84375,
        "Δ": 9.84375,
        "З": 9.8203125,
        "∈": 9.8203125,
        "∋": 9.8203125,
        "o": 9.7734375,
        "ö": 9.7734375,
        "ō": 9.7734375,
        "ρ": 9.7734375,
        "о": 9.7734375,
        "б": 9.7421875,
        "л": 9.7265625,
        "θ": 9.6796875,
        "∃": 9.5,
        "Y": 9.46875,
        "´": 9.46875,
        "∂": 9.296875,
        "a": 9.28125,
        "à": 9.28125,
        "â": 9.28125,
        "Σ": 9.28125,
        "e": 9.21875,
        "è": 9.21875,
        "é": 9.21875,
        "ē": 9.21875,
        "е": 9.21875,
        "ё": 9.21875,
        "Z": 9.203125,
        "я": 9.1875,
        "k": 9.1484375,
        "0": 9.1328125,
        "1": 9.1328125,
        "2": 9.1328125,
        "3": 9.1328125,
        "4": 9.1328125,
        "5": 9.1328125,
        "6": 9.1328125,
        "7": 9.1328125,
        "8": 9.1328125,
        "9": 9.1328125,
        "~": 9.1328125,
        "$": 9.1328125,
        "+": 9.1328125,
        "<": 9.1328125,
        "=": 9.1328125,
        ">": 9.1328125,
        "×": 9.1328125,
        "÷": 9.1328125,
        "≠": 9.1328125,
        "χ": 9.1015625,
        "к": 9.1015625,
        "T": 9.0546875,
        "Ξ": 8.9921875,
        "E": 8.9296875,
        "È": 8.9296875,
        "É": 8.9296875,
        "Ε": 8.9296875,
        "Ё": 8.9296875,
        "Е": 8.9296875,
        "g": 8.8984375,
        "x": 8.8125,
        "|": 8.8125,
        "S": 8.796875,
        "√": 8.78125,
        "*": 8.765625,
        "L": 8.671875,
        "γ": 8.640625,
        "Г": 8.640625,
        "^": 8.59375,
        "y": 8.578125,
        "v": 8.5625,
        "F": 8.515625,
        "з": 8.3046875,
        "‡": 8.2890625,
        "ε": 8.2421875,
        "§": 8.015625,
        "–": 8,
        "｡": 8,
        "｢": 8,
        "｣": 8,
        "､": 8,
        "･": 8,
        "ｦ": 8,
        "ｧ": 8,
        "ｨ": 8,
        "ｩ": 8,
        "ｪ": 8,
        "ｫ": 8,
        "ｭ": 8,
        "ｮ": 8,
        "ｯ": 8,
        "ｰ": 8,
        "ｲ": 8,
        "ｳ": 8,
        "ｴ": 8,
        "ｵ": 8,
        "ｶ": 8,
        "ｷ": 8,
        "ｸ": 8,
        "ｹ": 8,
        "ｺ": 8,
        "ｻ": 8,
        "ｼ": 8,
        "ｽ": 8,
        "ｾ": 8,
        "ﾚ": 8,
        "ﾟ": 8,
        "c": 7.921875,
        "ç": 7.921875,
        "с": 7.921875,
        "ζ": 7.84375,
        "s": 7.7890625,
        "z": 7.6484375,
        "?": 7.25,
        "г": 7.25,
        "\"": 6.9765625,
        "″": 6.9765625,
        "r": 6.8984375,
        "_": 6.8671875,
        "°": 6.8515625,
        "∫": 6.3671875,
        "“": 6.3515625,
        "”": 6.3515625,
        "t": 6.2890625,
        "/": 6.2421875,
        "{": 6.1796875,
        "}": 5.9375,
        "f": 5.8046875,
        "[": 5.28125,
        "]": 5.28125,
        "-": 5.1484375,
        "(": 5.0703125,
        ")": 5.0703125,
        "I": 4.8828125,
        "J": 4.78125,
        "i": 4.4609375,
        "j": 4.4609375,
        "l": 4.4609375,
        "ì": 4.4609375,
        ";": 4.4453125,
        "!": 4.4140625,
        ".": 4.3984375,
        ":": 4.3984375,
        ",": 4.2734375,
        "\t": 4.15625,
        " ": 4.15625,
        "'": 3.890625,
        "‘": 3.0859375,
        "’": 3.0859375,
        "": 0,
        "̇": 0,
        "​": 0,
        "‎": 0
    },
    "Gothic": {
        "M": 15.109375,
        "m": 15.109375,
        "w": 15.109375,
        "@": 14.21875,
        "G": 13.921875,
        "H": 13.921875,
        "K": 13.921875,
        "N": 13.921875,
        "O": 13.921875,
        "Q": 13.921875,
        "U": 13.921875,
        "&": 13.921875,
        "<": 13.625,
        ">": 13.625,
        "A": 13.03125,
        "B": 13.03125,
        "C": 13.03125,
        "D": 13.03125,
        "P": 13.03125,
        "R": 13.03125,
        "V": 13.03125,
        "X": 13.03125,
        "Y": 13.03125,
        "+": 13.03125,
        "=": 13.03125,
        "0": 12.140625,
        "1": 12.140625,
        "2": 12.140625,
        "3": 12.140625,
        "4": 12.140625,
        "5": 12.140625,
        "6": 12.140625,
        "7": 12.140625,
        "8": 12.140625,
        "9": 12.140625,
        "E": 12.140625,
        "J": 12.140625,
        "S": 12.140625,
        "T": 12.140625,
        "Z": 12.140625,
        "$": 12.140625,
        "F": 10.96875,
        "L": 10.96875,
        "a": 10.96875,
        "b": 10.96875,
        "c": 10.96875,
        "d": 10.96875,
        "e": 10.96875,
        "g": 10.96875,
        "h": 10.96875,
        "k": 10.96875,
        "n": 10.96875,
        "o": 10.96875,
        "p": 10.96875,
        "q": 10.96875,
        "u": 10.96875,
        "v": 10.96875,
        "x": 10.96875,
        "y": 10.96875,
        "#": 10.96875,
        "?": 10.96875,
        "Ç": 10.671875,
        "^": 10.375,
        "s": 10.078125,
        "z": 10.078125,
        "È": 9.7734375,
        "É": 9.7734375,
        "r": 8,
        "/": 8,
        "_": 8,
        "ö": 8,
        "ō": 8,
        "ū": 8,
        "–": 8,
        "｡": 8,
        "｢": 8,
        "｣": 8,
        "､": 8,
        "･": 8,
        "ｦ": 8,
        "ｧ": 8,
        "ｨ": 8,
        "ｩ": 8,
        "ｪ": 8,
        "ｫ": 8,
        "ｭ": 8,
        "ｮ": 8,
        "ｯ": 8,
        "ｰ": 8,
        "ｲ": 8,
        "ｳ": 8,
        "ｴ": 8,
        "ｵ": 8,
        "ｶ": 8,
        "ｷ": 8,
        "ｸ": 8,
        "ｹ": 8,
        "ｺ": 8,
        "ｻ": 8,
        "ｼ": 8,
        "ｽ": 8,
        "ｾ": 8,
        "ﾚ": 8,
        "ﾟ": 8,
        "~": 7.109375,
        "f": 7.109375,
        "t": 7.109375,
        "*": 7.109375,
        "à": 7.1015625,
        "â": 7.1015625,
        "ç": 7.1015625,
        "è": 7.1015625,
        "é": 7.1015625,
        "ē": 7.1015625,
        "\"": 6.8125,
        "[": 6.515625,
        "]": 6.515625,
        "j": 5.921875,
        "{": 5.921875,
        "}": 5.921875,
        "(": 5.625,
        ")": 5.625,
        "-": 5.625,